texto,es_groseria
"Este producto es una maravilla, estoy muy contento con mi compra.",0
"No me gust√≥ para nada, pero es mi opini√≥n personal.",0
"Qu√© hijo de puta el que me choc√≥ el carro y se fue.",1
"Vamos a tomar un caf√© despu√©s del trabajo.",0
"Este maldito aparato no funciona como deber√≠a.",1
"Me encanta pasar tiempo con mi familia los fines de semana.",0
"Ese pendejo no sabe lo que est√° haciendo.",1
"La pel√≠cula fue interesante aunque un poco larga.",0
"¬øQui√©n carajos se cree que es para hablarme as√≠?",1
"El clima est√° muy agradable hoy, perfecto para salir.",0
"No seas idiota, eso no funciona as√≠.",1
"Muchas gracias por tu ayuda, ha sido muy √∫til.",0
"Me cago en todo lo que se menea.",1
"El informe qued√≥ muy bien estructurado.",0
"Este jodido tr√°fico me va a volver loco.",1
"La comida estaba deliciosa, volver√© pronto.",0
"Vete a la mierda con tus excusas.",1
"El concierto fue una experiencia inolvidable.",0
"Ese cabr√≥n me debe dinero desde hace meses.",1
"La nueva actualizaci√≥n mejora mucho la aplicaci√≥n.",0
"Eres un completo imb√©cil si crees eso.",1
"La conferencia fue muy educativa e inspiradora.",0
"Me tienes hasta los cojones con lo mismo.",1
"El servicio al cliente fue excepcionalmente bueno.",0
"¬°Qu√© chingados est√°s haciendo con mi computadora!",1
"El curso online super√≥ mis expectativas.",0
"Ese pinche gato destruy√≥ mis cortinas nuevas.",1
"Los gr√°ficos del juego son impresionantes.",0
"No me jodas con esas historias.",1
"El hotel ten√≠a unas vistas espectaculares.",0
"Muy recomendable Esta hermosa, esta hermosa la asada, lo que no me gusto es que el acceso para llegar a esta es muy accidentada me cai varias veces",0
"El concierto de anoche fue una experiencia inolvidable.",0
"Este puto sistema nunca funciona cuando lo necesitas.",1
"La atenci√≥n en el restaurante fue excelente.",0
"¬°Deja de tocar mis cosas, carajo!",1
"Los paisajes de este lugar son simplemente hermosos.",0
"Ese gillipollas no sabe c√≥mo hacer su trabajo.",1
"El libro que me recomendaste es fascinante.",0
"Estoy hasta la madre de tus mentiras constantes.",1
"La nueva receta que prob√© qued√≥ deliciosa.",0
"No me vengas con estas mierdas ahora mismo.",1
"El documental sobre naturaleza fue muy educativo.",0
"¬øQu√© co√±o est√°s mirando?",1
"La aplicaci√≥n ha mejorado mucho con la √∫ltima actualizaci√≥n.",0
"Este hijo de la chingada me rob√≥ el estacionamiento.",1
"Las nuevas oficinas son espaciosas y c√≥modas.",0
"Vete a la verga con tus problemas.",1
"La obra de teatro super√≥ todas mis expectativas.",0
"Ese cabr√≥n no deber√≠a estar a cargo del proyecto.",1
"Los resultados del estudio son muy prometedores.",0
"Estoy hasta los huevos de explicarte lo mismo.",1
"La nueva pol√≠tica de la empresa beneficia a todos los empleados.",0
"¬°Qu√© pinche calor hace hoy!",1
"La reuni√≥n fue productiva y todos quedaron satisfechos.",0
"Esa gilipollas siempre llega tarde a las reuniones.",1
"El dise√±o del nuevo producto es innovador.",0
"Me suda la polla lo que pienses al respecto.",1
"La exposici√≥n de arte estaba muy bien organizada.",0
"Ese pendejo nunca escucha los consejos que le dan.",1
"El viaje de negocios fue un √©xito total.",0
"¬°Vete al carajo con tus teor√≠as conspirativas!",1
"La nueva cafeter√≠a del barrio tiene un ambiente muy acogedor.",0
"Este maldito tel√©fono no deja de dar problemas.",1
"El seminario de ayer proporcion√≥ informaci√≥n muy valiosa.",0
"Menuda mierda de servicio dan en este lugar.",1
"El festival cultural del fin de semana fue extraordinario.",0
"Ese imb√©cil casi provoca un accidente por ir distra√≠do.",1
"Las nuevas medidas de seguridad han sido bien recibidas.",0
"No me toques los cojones con tus excusas.",1
"La conferencia internacional atrajo a expertos de todo el mundo.",0
"¬øQui√©n diablos te ha dado permiso para entrar?",1
"El nuevo parque de la ciudad es perfecto para pasear.",0
"Esta mierda de televisor no funciona correctamente.",1
"La presentaci√≥n del proyecto impresion√≥ a los inversores.",0
"Vete a la puta mierda, no quiero hablar contigo.",1
"El programa de formaci√≥n ha sido muy beneficioso para el equipo.",0
"Me cago en tu puta madre por lo que has hecho.",1
"El recital de piano fue una delicia para los o√≠dos.",0
"Ese cabr√≥n siempre se lleva el cr√©dito por el trabajo de otros.",1
"La nueva ruta de senderismo ofrece vistas impresionantes.",0
"Estoy hasta el co√±o de tus mentiras constantes.",1
"El tutorial explica el proceso paso a paso de manera muy clara.",0
"¬°Qu√© jodida suerte tengo √∫ltimamente!",1
"La cena de aniversario fue una grata sorpresa.",0
"No seas mam√≥n, eso no es lo que acordamos.",1
"La nueva colecci√≥n de moda es elegante y sofisticada.",0
"Este hijo de perra me ha enga√±ado con el precio.",1
"El concierto ben√©fico recaud√≥ fondos para una buena causa.",0
"Vete al demonio con tus promesas vac√≠as.",1
"La feria del libro ofrece t√≠tulos para todos los gustos.",0
"¬°Qu√© estupidez m√°s grande has dicho!",1
"Las nuevas instalaciones deportivas son modernas y funcionales.",0
"Me cago en la leche, se me ha olvidado la cartera.",1
"La conferencia sobre sostenibilidad ofreci√≥ datos muy interesantes.",0
"Ese pendejo siempre est√° criticando el trabajo de los dem√°s.",1
"El museo de historia tiene exposiciones fascinantes.",0
"¬°Qu√© chorrada m√°s grande me est√°s contando!",1
"La nueva pol√≠tica medioambiental es un paso en la direcci√≥n correcta.",0
"Este jodido ordenador va m√°s lento cada d√≠a.",1
"La vista desde la terraza del hotel es espectacular.",0
"No me toques los huevos con tus quejas constantes.",1
"La nueva pel√≠cula recibi√≥ excelentes cr√≠ticas por parte del p√∫blico.",0
"La calidad de este producto supera lo esperado.",0
"Pue3s v3te a la mi3rd4 si no te gusta mi opini√≥n.",1
"Ayer visit√© el nuevo restaurante del centro comercial.",0
"Ese hdp nunca cumple con lo que promete.",1
"La pel√≠cula recibi√≥ cinco estrellas de la cr√≠tica especializada.",0
"No seas pndejo, as√≠ no se hace.",1
"El parque natural tiene senderos para todos los niveles.",0
"Kbron, te dije que no tocaras mis cosas.",1
"El seminario de desarrollo profesional fue muy enriquecedor.",0
"Estoy hasta los Web0s de tus excusas.",1
"La exposici√≥n de fotograf√≠a muestra paisajes impresionantes.",0
"Vete alv con tus problemas.",1
"La nueva biblioteca ofrece espacios de estudio muy c√≥modos.",0
"Ese put0 trabajo me est√° volviendo loco.",1
"El concierto de jazz estuvo a la altura de las expectativas.",0
"Me cg0 en tu familia entera.",1
"Las vacaciones en la playa fueron relajantes y divertidas.",0
"No seas imb3cil, eso no funciona as√≠.",1
"El sabor del nuevo helado artesanal es extraordinario.",0
"Qu√© jdidd problema tengo ahora con el coche.",1
"La ruta de senderismo ofrece vistas panor√°micas incre√≠bles.",0
"Esta mi3rd@ de impresora nunca funciona bien.",1
"Los resultados del proyecto superaron nuestras expectativas.",0
"Vete a tomar por klo, no quiero verte m√°s.",1
"El evento ben√©fico recaud√≥ fondos para causas importantes.",0
"Ese c4br0n siempre se sale con la suya.",1
"La nueva colecci√≥n de ropa es elegante y contempor√°nea.",0
"Estoy hasta los kojones de esta situaci√≥n.",1
"El documental sobre vida marina es fascinante y educativo.",0
"No me tks los hu3v0s con tus quejas.",1
"La tienda online ofrece env√≠o gratuito en todas las compras.",0
"Menuda gilip0ll3z has dicho.",1
"El nuevo sistema operativo es m√°s r√°pido y eficiente.",0
"Este jdido tel√©fono no para de dar problemas.",1
"La conferencia internacional reuni√≥ a expertos de todo el mundo.",0
"Vte a la vrg con tus ideas.",1
"El museo de arte contempor√°neo exhibe obras innovadoras.",0
"Qn crjs te crees que eres para hablarme as√≠.",1
"El curso de idiomas ha mejorado mis habilidades comunicativas.",0
"Ese pdjo no sabe hacer su trabajo.",1
"Las nuevas oficinas tienen un dise√±o moderno y funcional.",0
"Me cg en la oxtia, olvid√© las llaves otra vez.",1
"El festival de cine independiente presenta pel√≠culas de calidad.",0
"No seas 1di0ta, as√≠ no se arregla esto.",1
"La cafeter√≠a ofrece una gran variedad de pasteles caseros.",0
"Qu√© chngds est√°s haciendo con mi computadora.",1
"El programa de fidelizaci√≥n ofrece ventajas exclusivas.",0
"Vete a la mrd con tus consejos que nadie pidi√≥.",1
"La nueva aplicaci√≥n m√≥vil facilita la gesti√≥n de tareas diarias.",0
"Este hijo d la chngda me enga√±√≥ con el precio.",1
"El servicio t√©cnico resolvi√≥ el problema en menos de una hora.",0
"No me jdas con esas excusas baratas.",1
"La gu√≠a tur√≠stica incluye lugares poco conocidos pero interesantes.",0
"Ese cnejo siempre llega tarde a las reuniones.",1
"El taller de escritura creativa estimula la imaginaci√≥n.",0
"Estoy hasta la ptr@ madre de repetir lo mismo.",1
"La receta tradicional conserva los sabores aut√©nticos de la regi√≥n.",0
"Vete a tmar x clo con tus historias.",1
"El jard√≠n bot√°nico alberga especies de plantas ex√≥ticas.",0
"Este mldt0 clima no me deja salir de casa.",1
"La exposici√≥n fotogr√°fica captura momentos √∫nicos de la naturaleza.",0
"K te den por clo, no quiero verte m√°s.",1
"El libro de ciencia ficci√≥n plantea escenarios fascinantes.",0
"No me rompas los hv0s con tus problemas.",1
"La nueva l√≠nea de productos es respetuosa con el medio ambiente.",0
"Ese gilipl@s nunca aprende de sus errores.",1
"El sistema de reservas online funciona de manera eficiente.",0
"Esta p1nch3 computadora va demasiado lenta.",1
"Las instalaciones deportivas son modernas y bien equipadas.",0
"Me importa un crjo lo que pienses de m√≠.",1
"El programa de radio ofrece contenido educativo e informativo.",0
"No seas subnrmal, as√≠ no se hace esto.",1
"La exhibici√≥n de arte contempor√°neo presenta obras innovadoras.",0
"Este tip0 es un completo imb3cil.",1
"El nuevo m√©todo de aprendizaje facilita la comprensi√≥n.",0
"Vete a la vrg@ con tus opiniones.",1
"La tienda especializada ofrece productos de alta calidad.",0
"Qu√© pnche d√≠a m√°s horrible estoy teniendo.",1
"El festival de m√∫sica presenta artistas de diferentes g√©neros.",0
"Este trast0 de m13rd@ no sirve para nada.",1
"La visita guiada incluye informaci√≥n hist√≥rica detallada.",0
"No seas jdido con tus compa√±eros.",1
"El nuevo restaurante ofrece platos tradicionales con un toque moderno.",0
"Ese hdlgp no deber√≠a estar en ese puesto.",1
"La revista digital publica art√≠culos de inter√©s variado.",0
"Estoy hasta los wbs de esta situaci√≥n.",1
"El curso online proporciona herramientas √∫tiles para el desarrollo profesional.",0
"Este c4br0n de m13rd4 me ha estafado.",1
"La exposici√≥n de tecnolog√≠a muestra las √∫ltimas innovaciones.",0
"Vete a la mi3rd4, no quiero escucharte m√°s.",1
"El servicio de atenci√≥n al cliente resolvi√≥ mi consulta r√°pidamente.",0
"Quien crj0s te has cre√≠do que eres.",1
"La conferencia abord√≥ temas relevantes para el sector.",0
"No seas pndej0, eso no funciona as√≠.",1
"El evento cultural atrajo a personas de todas las edades.",0
"Este pto ordenador va m√°s lento cada d√≠a.",1
"La nueva colecci√≥n de libros incluye t√≠tulos interesantes.",0
"Me cg0 en dios, he perdido las llaves otra vez.",1
"El taller pr√°ctico ense√±a t√©cnicas √∫tiles paso a paso.",0
"Vete a la ching@d@ con tus mentiras.",18
"La visita al acuario fue una experiencia educativa fascinante.",0
"Hola, ¬øc√≥mo est√°s hoy?",0
"Hola como estas hoy?",0
"hola como andas hoy?",0
"Hola Como estas hoy?",0
"El servicio de entrega fue r√°pido y eficiente.",0
"Me encant√≥ el dise√±o moderno del empaque.",0
"La atenci√≥n al cliente fue cordial y resolutiva.",0
"El art√≠culo super√≥ mis expectativas de calidad.",0
"El jard√≠n del lugar es perfecto para relajarse.",0
"La app es intuitiva y f√°cil de navegar.",0
"El taller me ayud√≥ a mejorar mis habilidades.",0
"El pastel estaba esponjoso y delicioso.",0
"El gu√≠a tur√≠stico fue muy informativo y amable.",0
"El parque tem√°tico tiene atracciones para todas las edades.",0
"El libro me mantuvo enganchado hasta la √∫ltima p√°gina.",0
"El caf√© de la esquina tiene un ambiente acogedor.",0
"La bater√≠a del dispositivo dura m√°s de lo esperado.",0
"El curso online vali√≥ cada centavo invertido.",0
"Las instrucciones eran claras y f√°ciles de seguir.",0
"El concierto al aire libre fue m√°gico al atardecer.",0
"El nuevo centro comercial tiene una gran variedad de tiendas.",0
"El dise√±o ergon√≥mico hace que sea muy c√≥modo de usar.",0
"La presentaci√≥n del producto fue profesional y detallada.",0
"El museo interactivo es ideal para visitar con ni√±os.",0
"El paquete lleg√≥ antes de la fecha estimada.",0
"La conexi√≥n a internet es estable y r√°pida.",0
"El vino de la casa tiene un sabor exquisito.",0
"El equipo deportivo es ligero y resistente.",0
"La conferencia motivacional me inspir√≥ a mejorar.",0
"El clima hoy es ideal para un picnic.",0
"El servicio de limpieza dej√≥ todo impecable.",0
"La nueva funcionalidad ahorra mucho tiempo.",0
"El masaje fue relajante y profesional.",0
"El festival gastron√≥mico mostr√≥ diversidad cultural.",0
"El asesor financiero dio recomendaciones √∫tiles.",0
"La iluminaci√≥n del lugar crea un ambiente c√°lido.",0
"El tutorial en video explic√≥ todo paso a paso.",0
"El voluntariado fue una experiencia enriquecedora.",0
"El sistema de sonido tiene una calidad excepcional.",0
"La ruta de ciclismo est√° bien se√±alizada.",0
"El postre ten√≠a el equilibrio perfecto de dulzura.",0
"El taller de arte fomenta la creatividad.",0
"El hotel cumpli√≥ con todas las expectativas.",0
"El nuevo vecino es muy respetuoso y amable.",0
"La feria de empleo conect√≥ a muchos con oportunidades.",0
"El dise√±o sustentable del producto es admirable.",0
"La caminata por la monta√±a fue revitalizante.",0
"El servicio a domicilio es puntual y ordenado.",0
"La clase de yoga mejor√≥ mi flexibilidad.",0
"El informe detallado aclar√≥ todas las dudas.",0
"El parque de perros tiene √°reas seguras para jugar.",0
"La nueva pol√≠tica de devoluciones es justa.",0
"El jugo natural est√° reci√©n exprimido y fresco.",0
"La banda toc√≥ todas nuestras canciones favoritas.",0
"Este maldito servicio nunca cumple con lo prometido.",1
"¬øQui√©n carajos dise√±a estas interfaces in√∫tiles?",1
"El imb√©cil del conductor casi me atropella.",1
"Estoy hasta la madre de tu incompetencia.",1
"La puta m√°quina se trab√≥ otra vez.",1
"Ese idiota no sabe ni usar un tel√©fono.",1
"Me cago en el horario de mierda que tienen.",1
"¬øQu√© clase de retrasado env√≠a esto roto?",1
"Vete a la verga con tus excusas baratas.",1
"Este pinche tr√°mite es un infierno burocr√°tico.",1
"El culero de mi jefe me hizo trabajar horas extras.",1
"¬°Qu√© mierda de atenci√≥n al cliente!",1
"Ese cabr√≥n se rob√≥ mi idea sin remordimiento.",1
"La concha de su madre, ¬°otra vez lo mismo!",1
"Estoy hasta los cojones de esta empresa.",1
"No entiendo c√≥mo no te han despedido, in√∫til.",1
"Este jodido software me hace perder el tiempo.",1
"¬øEn qu√© cabeza de chorlito cabe esto?",1
"Me tienen harto con su servicio de mierda.",1
"El pendejo del repartidor ni toc√≥ el timbre.",1
"¬°Qu√© asco de comida! Parece v√≥mito.",1
"Ese hijo de puta me estaf√≥ con el contrato.",1
"Tu producto es una basura sobrevalorada.",1
"V√°yanse al diablo con sus mentiras.",1
"Este maldito vecino no deja de hacer ruido.",1
"La cagaron otra vez, imb√©ciles.",1
"¬øQu√© mierda de actualizaci√≥n es esta?",1
"Ese incompetente no deber√≠a tener ese puesto.",1
"Me pelan la verga sus pol√≠ticas absurdas.",1
"¬°Pinche estafa! No vale lo que pagu√©.",1
"El culero de turno ni me atendi√≥ bien.",1
"Esto est√° de la chingada, quiero mi dinero.",1
"Eres un puto mentiroso y lo sabes.",1
"¬øQui√©n mierdas aprob√≥ este dise√±o?",1
"Me importa un bledo tu opini√≥n, tarado.",1
"Vete al carajo con tu actitud pedante.",1
"Este sistema de mierda no funciona nunca.",1
"Tu excusa es m√°s falsa que tu sonrisa.",1
"¬°Qu√© jodido dolor de cabeza me causan!",1
"Ese cerdo se comi√≥ mi lunch en la oficina.",1
"La puta publicidad enga√±osa de siempre.",1
"Ni un puto cerebro entre todo el equipo.",1
"Me tienen hasta la verga con sus errores.",1
"Tu trabajo es una completa porquer√≠a.",1
"¬øQu√© clase de animal usa esto as√≠?",1
"Ch√∫pame un huevo, no pienso cooperar.",1
"Este pinche gobierno no sirve para nada.",1
"Eres un maldito ladr√≥n sin escr√∫pulos.",1
"Me cago en todo tu puto proyecto.",1
"Tu empresa es una farsa y lo sabes.",1
"El servicio estuvo excelente, muy recomendable.",0
"Me encant√≥ el producto, cumple con lo prometido.",0
"La atenci√≥n fue r√°pida y eficiente.",0
"El lugar es acogedor y tranquilo.",0
"El env√≠o lleg√≥ antes de lo esperado.",0
"La comida estaba deliciosa y bien preparada.",0
"El curso me ayud√≥ mucho en mi desarrollo.",0
"El personal es muy amable y servicial.",0
"El precio es justo por la calidad que ofrece.",0
"La app funciona perfectamente en mi cel.",0
"El concierto estuvo incre√≠ble, vali√≥ la pena.",0
"El libro es interesante y f√°cil de leer.",0
"El hotel tiene una vista espectacular.",0
"El regalo fue muy bien recibido.",0
"El t√©cnico resolvi√≥ el problema r√°pido.",0
"La pel√≠cula super√≥ mis expectativas.",0
"El parque est√° bien cuidado y limpio.",0
"El dise√±o es moderno y funcional.",0
"La conferencia fue muy enriquecedora.",0
"El m√©dico fue muy profesional en la consulta.",0
"Estoy hasta la vrg de tu mala atenci√≥n.",1
"El qlo q me atendi√≥ no sabe nada.",1
"Vete alv con tus excusas pndjs.",1
"Este pinche trbjo es una mrda.",1
"Q asco de servicio, ni vl la pena.",1
"El pndjo d mi jefe me hizo qdarme tarde.",1
"Me cae gordo este puto sistema.",1
"Tu prdcto es una basura, dvlvme mi $.",1
"No mms, otra vez lo mismo?",1
"Estoy hto d esta mrd d empresa.",1
"El imbecil dl repartidor ni toc√≥.",1
"Q clase d gfe in√∫til contrataron?",1
"Vayanse al diablo con sus mmds.",1
"Este srvic es una caca, no lo recomiendo.",1
"El culer0 d turno ni me hizo caso.",1
"Tu empresa es una estafa, pto timador.",1
"Me pelan la vrg sus pol√≠ticas.",1
"Esto vale vrga, quiero mi dinero.",1
"Eres un pto mentiroso, te voy a demandar.",1
"El kbron q me vendi√≥ esto me enga√±√≥.",1
"Vete a la chngda con tus mmds.",1
"Este sistema dl nco no sirve pr nada.",1
"El idiota d soporte no resolvi√≥ nada.",1
"Me cago en tu puta madre x esto.",1
"Q pdo con tu servicio dl asco?",1
"Estoy hasta los webos d esperar.",1
"Tu trbjo es una mierda, renuncia ya.",1
"El hdp d mi vecino no deja d molestar.",1
"Vayanse al carajo con sus mentiras.",1
"Este pinche tr√°mite es un asco.",1
"El in√∫til q me atendi√≥ no sabe nada.",1
"Me tienes hasta la madre, pendejo.",1
"Tu app es una kk, no funciona bien.",1
"Q asco d comida, parece vmito.",1
"El pto gobierno no hace nada bien.",1
"Eres un puto ladron sinverguenza.",1
"Me cago en todo tu maldito proyecto.",1
"Tu empresa es una mrda, voy a demandar.",1
"Estoy hasta los cojones d esto.",1
"El kbron q dise√±o esto es un imbecil.",1
"Vete alv con tus pndjds.",1
"Este srvicio es una kk sobrevalorada.",1
"El culer0 d mi ex me debe dinero.",1
"Q pdo con tu atencion dl asco?",1
"Me pelan la verga tus excusas.",1
"Tu prdcto vale vrga, devuelvanme mi lana.",1
"Eres un pto mentiroso y lo sabes.",1
"El hdp d mi jefe me explota.",1
"Vayanse al diablo todos, inutiles.",1
"Estoy hasta la madre d su incompetencia.",1
"Este pinche lugar es una porqueria.",1
"Kiero felisitarlos x el buen servicio!!!",0
"Alguien save cuando abren otra sucursal?",0
"Wuao! El prodcto super√≥ mis espectativas",0
"Xq no anuncn las ofertas con tiempo?",0
"Me encantooooo!!! Lo recomiendo 100%",0
"Kien me puede ayudar con la garantia?",0
"El enbio llego antes d lo esperado :)",0
"Ser√° q tienen mas colores disponibls?",0
"Ecelente atencion! Volvere a comprar",0
"Como ago para pedir un reembolso?",0
"La calidd es increible x el precio",0
"Algun cupon d descuento disponible?",0
"El mejor servisio k e recibido!",0
"Donde puedo ver mas modelos iguales?",0
"Falta poco para el evento principal?",0
"El manual no trae las instrcciones kompletas",0
"Kual es el horario d atencion x fiestas?",0
"El dise√±o esta padrisimo!!!",0
"Xfa necesito ayuda con mi pedido urgente",0
"La app funciona super bien en mi fono",0
"Alguien save si aceptan pagos con paypal?",0
"El articulo llego un pokito rayado :(",0
"Kiero agradecer x la rapida respuesta",0
"Ser√° q puedo cambiar la talla despues?",0
"El curso esta wenisimo!!! Aprendi mucho",0
"Xq no responden los mensajes a tiempo?",0
"La mejor compra k e hecho este a√±o!",0
"Kual es el costo d envio a provincia?",0
"El regalo le encant√≥ a mi sobrino :)",0
"Algun numero d contacto alternativo?",0
"La atencion al cliente es d 10!!!",0
"Kompre 3 unidades y todas estan perfectas",0
"El restaurante tiene ambiente super acogedor",0
"Kiero reportar un problema con mi factura",0
"El desempe√±o es impresionante!!!",0
"Alguien save si dan mantenimiento gratis?",0
"El paquete llego antes d lo prometido :)",0
"Komo ago para contactar al vendedor?",0
"La calidad supera cualquier expectativa!",0
"Xfa actualizen mas seguido su catalogo",0
"El mejor precio k e visto en el mercado",0
"Kual es la politica de devoluciones?",0
"El servicio tecnico resolvio todo rapido",0
"Wacala! No me gusto el sabor (pero es opinion personal)",0
"Algun plan d pago a meses disponibles?",0
"El dise√±o es kompletamente innovador!",0
"Kiero felicitar al chef x este platillo",0
"Ser√° q tienen version premium disponible?",0
"El envio fue gratis!!! K sorpresa agradable",0
"La atencion personalizada es invaluable",0
"Estoy hasta la vrg d su p√©simo servicio",1
"El pendejo q me atendi√≥ no sabe nada",1
"Q asco d producto, devuelvanme mi $",1
"Vete alv con tus excusas baratas",1
"Esta mrda no sirve para nada",1
"Me cae gordo el imbecil d soporte",1
"Tu empresa es una estafa legalizada",1
"El puto sistema nunca funciona bien",1
"Q clase d animal dise√±a estas cosas?",1
"Estoy hasta los webos d sus mentiras",1
"La atencion es una kk sobrevalorada",1
"El culer0 q me vendi√≥ esto m minti√≥",1
"Vayanse al diablo con sus mmds",1
"Este trbjo dl asco no lo aguanto mas",1
"Me cago en tu puta madre empresa",1
"El kbron d mi jefe es un explotador",1
"Tu garantia vale vrga, no cumplen",1
"Q pdo con tu servicio dl demonio?",1
"Pinche tr√°mite mas burocratico",1
"Eres un pto ladron sinverguenza",1
"Esta mrda no vale lo q pagu√©",1
"El hdp d mi vecino no deja d molestar",1
"Vete a la chngda con tus mmds",1
"Me pelan la vrg sus politicas",1
"Tu app es una basura, no funciona",1
"Q asco d atencion al cliente",1
"El inutil d turno ni me resolvi√≥",1
"Me cago en todo tu puto proyecto",1
"Este pinche lugar es una porqueria",1
"El pendejo q dise√±o esto es un retrasado",1
"Vayanse al carajo con sus mentiras",1
"Estoy hasta la madre d tu incompetencia",1
"Tu prdcto es una kk, devuelvanme mi lana",1
"Q clase d imbecil aprueba estos dise√±os?",1
"El culer0 dl repartidor ni toc√≥ timbre",1
"Me cae gorda esta pinche compa√±ia",1
"Tu trabajo es una mierda, renuncia ya",1
"El hdp d mi ex me debe dinero",1
"Vete alv con tus promesas falsas",1
"Esta mrda no funciona como debe",1
"El kbron q me choc√≥ se dio a la fuga",1
"Pinche servicio dl demonio",1
"Eres un pto mentiroso comprobado",1
"Me importa un bledo tu opinion",1
"El pto gobierno no hace nada bien",1
"Q asco d comida, parece vmito",1
"Estoy hasta los cojones d esperar",1
"Tu empresa es una farsa, voy a demandar",1
"El imbecil q me atendi√≥ fue grosero",1
"Vayanse al demonio todos, inutiles",1
"La gente cambia. El amor duele. Los amigos se marchan. Las cosas a veces van mal. Pero recuerda que la vida sigue",0
"Se imaginan a los chicos agradeciendo por el premio con cara de orgullo?.Que bonito :).#MTVHottest One Direction",0
"Eclesiastes4:9-12 ‚ô° Siempre, promesa :)  https://t.co/XbrYsqa43T",0
"@pedroj_ramirez Qu√© sabor√≠o, PJ. ya no compartes ni un gintonic con nosotros. :)",0
"Somos los m√°s felices con #fox y su #FeriadoSimpson as√≠ si es un #domingofeliz  :) http://t.co/LQjUC6k3Nq",0
"Callate t√∫, chupate un culo. :-) https://t.co/rKQBzzsvPw",1
"Despu√©s de mes y medio que nos volvemos a encontrar amiga",0
"resaaacaaa... mateciito para que pase y una buena torta :)",0
"La gente cambia. El amor duele. Los amigos se marchan. Las cosas a veces van mal. Pero recuerda que la vida sigue",0
"Q pdo con este p√©simo servicio? üò§",1
"Pinche producto no sirve üóëÔ∏è",1
"Alguien m√°s se sinti√≥ estafado? üëé",1
"Vete alv con tus mmdas",1
"Me cae gordo este lugar",1
"Q asco de atenci√≥n la vdd",1
"Esto es una puta estafa",1
"No mms qu√© mal sali√≥ todo",1
"El pendejo q me atendi√≥ no sabe",1
"Devu√©lvanme mi $ hijos de su...",1
"Qu√© mierda de producto",1
"Jam√°s vuelvo a esta porquer√≠a",1
"El imb√©cil del repartidor ni toc√≥",1
"Estoy hasta la madre de esto",1
"Tu servicio vale verga",1
"Qu√© clase de idiotas trabajan aqu√≠?",1
"Me pelan la verga sus excusas",1
"Pinche tr√°mite de mierda",1
"El culero del due√±o me ignor√≥",1
"Vayanse al demonio",1
"Estafadores de mierda",1
"Qu√© hueva con su servicio",1
"El cabr√≥n q dise√±√≥ esto es tonto",1
"Me cago en tu empresa",1
"P√©simo, no lo recomiendo",1
"Qu√© pinche decepci√≥n",1
"El wey q me vendi√≥ esto miente",1
"Estoy hasta los webos",1
"Tu garant√≠a es una mamada",1
"Qu√© asco, parece v√≥mito",1
"El hdspm de mi vecino arruin√≥ todo",1
"Vete a la chingada",1
"Me tienen hasta la verga",1
"Tu app es una porquer√≠a",1
"Qu√© jodido servicio",1
"El idiota de soporte no resolvi√≥",1
"Me cago en todo tu proyecto",1
"Pinche lugar todo culero",1
"El maldito sistema no funciona",1
"Qu√© mierda de atenci√≥n",1
"El pendejo del gerente no aparece",1
"Estafadores de primera",1
"V√°yanse al carajo",1
"Qu√© puto asco me dan",1
"El imb√©cil q me choc√≥ se fue",1
"Me cae gorda esta compa√±√≠a",1
"Tu trabajo es una mierda",1
"Qu√© huev√≥n el que atiende",1
"Estoy hasta los cojones",1
"Pinche comida parece caca",1
"El culero de mi ex me estaf√≥",1
"Omg esto est√° incre√≠ble üòç",0
"Alguien sabe si tienen promoci√≥n hoy?",0
"Me encant√≥ el servicio la vdd üíØ",0
"Qu√© bonito qued√≥ todo üëè",0
"Por fin algo que s√≠ funciona bien!",0
"El mejor caf√© que he probado üòã",0
"Xq nadie me hab√≠a dicho de este lugar?",0
"El env√≠o lleg√≥ s√∫per r√°pido üëå",0
"Voy a volver ma√±ana mismo!",0
"Alguien m√°s est√° obsesionado?",0
"La atenci√≥n fue de 10/10",0
"Wey esto est√° buen√≠simo üòÇ",0
"Vali√≥ cada peso gastado üí∏",0
"El lugar est√° instagrameable üì∏",0
"Recomiendo al 100%",0
"Qued√© fascinada con el detalle üíï",0
"El sabor est√° next level üöÄ",0
"Xfa nunca cierren este local!",0
"Super√≥ todas mis expectativas",0
"Alguien m√°s quiere repetir? üòÖ",0
"El empaque est√° s√∫per cute üíù",0
"La mejor compra del a√±o!",0
"Qued√© s√∫per satisfecha üëè",0
"El trato fue excelente üëç",0
"Por esto pago con gusto üíØ",0
"Al fin algo que vale la pena!",0
"El detalle me lleg√≥ al coraz√≥n üò≠",0
"Vale la pena la espera ‚è≥‚ù§Ô∏è",0
"El mejor finde gracias a esto!",0
"Mejor imposible üëå",0
"Alguien sabe si hay m√°s colores?",0
"El dise√±o est√° padr√≠simo üòé",0
"Wuao! No esperaba menos",0
"Se ganaron un cliente fiel",0
"El precio est√° regalado üò±",0
"Qu√© buen servicio la neta",0
"Esto s√≠ es calidad!",0
"Xq no lo descubr√≠ antes? üò´",0
"El sabor es adictivo ayuda üòÇ",0
"La presentaci√≥n es üíØ",0
"Alguien m√°s qued√≥ encantado?",0
"Mi experiencia fue maravillosa ‚ú®",0
"El ambiente est√° s√∫per nice",0
"Voy a recomendar a todos!",0
"Esto merece 5 estrellas ‚≠ê‚≠ê‚≠ê‚≠ê‚≠ê",0
"El mejor regalo que me han dado",0
"Qued√© impresionada üòÆ",0
"La atenci√≥n personalizada üòç",0
"Todo perfecto üëå",0
"Mi lugar favorito sin duda üíñ",0
"Estoy tan decepcionada, nada sali√≥ como esperaba :(",0
"Por qu√© todo me sale mal √∫ltimamente?",0
"Me siento invisible para todos...",0
"Otra vez lo mismo, ya no aguanto esta situaci√≥n",0
"Nadie entiende por lo que estoy pasando",0
"Qu√© ganas de tirar la toalla y desaparecer...",0
"Me duele el alma de tanto fingir que estoy bien",0
"Ya no s√© c√≥mo seguir adelante con esto",0
"Todo me sale mal, no importa cu√°nto lo intente",0
"Me cans√© de luchar por algo que nunca llega",0
"Por qu√© siempre termino lastimada?",0
"Otra noche llorando sola... qu√© sorpresa",0
"Me promet√≠ no ilusionarme y aqu√≠ estoy, destrozada",0
"La vida es tan injusta a veces...",0
"Ya no tengo fuerzas para seguir as√≠",0
"Me duele respirar de tanto dolor acumulado",0
"Qu√© triste es dar todo y recibir migajas",0
"Otra decepci√≥n m√°s para la colecci√≥n...",0
"Me siento tan vac√≠a que hasta el eco se perdi√≥",0
"Ya no reconozco la persona que veo en el espejo...",0